"mark","position","feature","cases","VE","mean","ll","ul","P","diffP"
"hxb2.97.1mer.1086.match.tier1","97","","","",NA,NA,NA,"","0.31"
"hxb2.97.1mer.1086.match.tier1","","C.1086 Match","103 (2.5) vs. 94 (2.3)","-8.3 (-43.2, 18.1)",-8.30012271674301,-43.2346634688885,18.113979560477,"0.58",""
"hxb2.97.1mer.1086.match.tier1","","C.1086 Mismatch","16 (0.4) vs. 21 (0.5)","24.6 (-44.5, 60.6)",24.5836195841623,-44.5215946571422,60.6451170946495,"0.4",""
"hxb2.122.1mer.1086.match.tier1","122","","","",NA,NA,NA,"","0.31"
"hxb2.122.1mer.1086.match.tier1","","C.1086 Match","110 (2.7) vs. 110 (2.7)","1.1 (-28.8, 24.1)",1.14311555049587,-28.7609102219242,24.1020928927962,"0.93",""
"hxb2.122.1mer.1086.match.tier1","","C.1086 Mismatch","9 (0.2) vs. 5 (0.1)","-78.1 (-431.3, 40.3)",-78.0564784798358,-431.301896684363,40.327505460657,"0.3",""
"hxb2.169.1mer.1086.match.tier1","169","","","",NA,NA,NA,"","0.31"
"hxb2.169.1mer.1086.match.tier1","","C.1086 Match","73 (1.8) vs. 63 (1.6)","-14.5 (-60.3, 18.3)",-14.4567365792605,-60.3314864511644,18.2921281506083,"0.43",""
"hxb2.169.1mer.1086.match.tier1","","C.1086 Mismatch","46 (1.1) vs. 52 (1.3)","12.4 (-30.2, 41.1)",12.4468204925542,-30.1864009369835,41.1185869899459,"0.51",""
"hxb2.181.1mer.1086.match.tier1","181","","","",NA,NA,NA,"","0.15"
"hxb2.181.1mer.1086.match.tier1","","C.1086 Match","31 (0.8) vs. 40 (1)","23.3 (-22.5, 52.0)",23.3441939348328,-22.5261964831879,52.0419896139778,"0.27",""
"hxb2.181.1mer.1086.match.tier1","","C.1086 Mismatch","88 (2.2) vs. 75 (1.9)","-16.0 (-57.8, 14.8)",-15.9678044575827,-57.8000515983832,14.774858851504,"0.35",""
"hxb2.268.1mer.1086.match.tier1","268","","","",NA,NA,NA,"","0.41"
"hxb2.268.1mer.1086.match.tier1","","C.1086 Match","65 (1.6) vs. 69 (1.7)","6.9 (-30.6, 33.7)",6.93113838050632,-30.5979781530456,33.6757496123115,"0.68",""
"hxb2.268.1mer.1086.match.tier1","","C.1086 Mismatch","54 (1.3) vs. 46 (1.1)","-16.1 (-72.1, 21.6)",-16.1451128401551,-72.103878950812,21.6189238796426,"0.46",""
"hxb2.307.1mer.1086.match.tier1","307","","","",NA,NA,NA,"","0.36"
"hxb2.307.1mer.1086.match.tier1","","C.1086 Match","55 (1.3) vs. 60 (1.5)","9.4 (-30.7, 37.1)",9.35450175352987,-30.6917838928457,37.1298936504867,"0.6",""
"hxb2.307.1mer.1086.match.tier1","","C.1086 Mismatch","64 (1.6) vs. 55 (1.4)","-15.0 (-64.9, 19.8)",-15.0047866548023,-64.9014504016505,19.7939076866711,"0.45",""
"hxb2.343.1mer.1086.match.tier1","343","","","",NA,NA,NA,"","0.31"
"hxb2.343.1mer.1086.match.tier1","","C.1086 Match","45 (1.1) vs. 51 (1.3)","12.8 (-30.2, 41.6)",12.7917843519997,-30.2117963800031,41.593057711044,"0.5",""
"hxb2.343.1mer.1086.match.tier1","","C.1086 Mismatch","74 (1.8) vs. 64 (1.6)","-14.3 (-59.7, 18.2)",-14.3223484342883,-59.746996569935,18.1856333317094,"0.43",""
"hxb2.353.1mer.1086.match.tier1","353","","","",NA,NA,NA,"","0.25"
"hxb2.353.1mer.1086.match.tier1","","C.1086 Match","101 (2.5) vs. 91 (2.3)","-9.7 (-45.7, 17.3)",-9.74822733481608,-45.6887614899851,17.3259949501153,"0.52",""
"hxb2.353.1mer.1086.match.tier1","","C.1086 Mismatch","18 (0.4) vs. 24 (0.6)","25.9 (-36.5, 59.8)",25.9146551847223,-36.5035155185123,59.7912310496192,"0.34",""
"hxb2.364.1mer.1086.match.tier1","364","","","",NA,NA,NA,"","0.82"
"hxb2.364.1mer.1086.match.tier1","","C.1086 Match","68 (1.7) vs. 64 (1.6)","-5.0 (-47.7, 25.4)",-4.96843617365466,-47.6739022322518,25.3871372924537,"0.78",""
"hxb2.364.1mer.1086.match.tier1","","C.1086 Mismatch","51 (1.3) vs. 51 (1.3)","1.1 (-45.9, 32.9)",1.06141343654069,-45.8579024418508,32.8878055470622,"0.96",""
"hxb2.369.1mer.1086.match.tier1","369","","","",NA,NA,NA,"","0.23"
"hxb2.369.1mer.1086.match.tier1","","C.1086 Match","93 (2.3) vs. 97 (2.4)","5.2 (-25.9, 28.7)",5.23566188549912,-25.9443717392863,28.6964581722695,"0.71",""
"hxb2.369.1mer.1086.match.tier1","","C.1086 Mismatch","26 (0.6) vs. 18 (0.4)","-42.9 (-160.6, 21.7)",-42.8935845428661,-160.623237783785,21.6548122218916,"0.24",""
"hxb2.379.1mer.1086.match.tier1","379","","","",NA,NA,NA,"","0.2"
"hxb2.379.1mer.1086.match.tier1","","C.1086 Match","69 (1.7) vs. 76 (1.9)","10.2 (-24.4, 35.2)",10.2235614251447,-24.3671655428837,35.1934339903756,"0.52",""
"hxb2.379.1mer.1086.match.tier1","","C.1086 Mismatch","50 (1.2) vs. 39 (1)","-26.7 (-92.6, 16.7)",-26.6855291040267,-92.5649988922122,16.6555533108552,"0.27",""
"hxb2.424.1mer.1086.match.tier1","424","","","",NA,NA,NA,"","0.77"
"hxb2.424.1mer.1086.match.tier1","","C.1086 Match","103 (2.5) vs. 98 (2.4)","-3.9 (-37.0, 21.2)",-3.90021950428594,-37.0039616698418,21.20479231795,"0.79",""
"hxb2.424.1mer.1086.match.tier1","","C.1086 Mismatch","16 (0.4) vs. 17 (0.4)","6.9 (-84.2, 53.0)",6.92619154052844,-84.2113233610499,52.9739341583707,"0.84",""
